-- DynamicQuests+ | Master Content Import
-- Safe to re-run at any time (content only вЂ” no schema changes).
-- Schema migrations are in updates/pending_world/ and must be applied separately (one-shot).
--
-- Active interactions:
--   Template  2 вЂ” Hungry Child      (tier 1, social)
--   Template 10 вЂ” Ileana Episode I   (tier 2, succubus)
--   Template 11 вЂ” Ileana Episode II  (tier 2, succubus)
--   Template 12 вЂ” Ileana Episode III (tier 2, succubus)
--
-- Archetypes (data-driven multi-beat engine вЂ” requires dq_archetype.sql schema):
--   Archetype 1 вЂ” Ileana (reserved; Ileana migrated to archetype engine in a future pass)
--   Archetype 2 вЂ” The Herb Seller  (4-beat Sequential, HiddenPurpose arc, zone 37)

-- ===== base/dq_chest_items.sql =====
-- DynamicQuests+ | Traveler's Treasure Chest items
--
-- Six soulbound loot chests delivered on event completion.
-- Right-click opens a loot window (ITEM_FLAG_HAS_LOOT = 4, same mechanism as
-- Blizzard's Satchel of Helpful Goods / Protectorate Treasure Cache).
-- The item inside is selected dynamically by DQChestOpener (PlayerScript),
-- class-appropriate and level-appropriate. No static loot table needed.
--
-- Entry layout:
--   900100 / 900101 / 900102  Armor Cache  (Quality 2/3/4 = green/blue/purple)
--   900103 / 900104 / 900105  Weapon Cache (Quality 2/3/4 = green/blue/purple)
--
-- displayid 12333 = classic wooden treasure chest (Small Chest, Battered Chest, Ironbound Locked
-- Chest вЂ” vanilla items confirmed in 3.3.5a client). Quality border (green/blue/purple outline)
-- rendered automatically by the client from the Quality field.
-- Flags = 4 (ITEM_FLAG_HAS_LOOT) enables right-click "Open" without any spell.

DELETE FROM `item_template` WHERE `entry` IN (900100, 900101, 900102, 900103, 900104, 900105);

INSERT INTO `item_template`
    (`entry`, `class`, `subclass`, `SoundOverrideSubclass`, `name`, `displayid`,
     `Quality`, `Flags`, `AllowableClass`, `AllowableRace`, `stackable`,
     `bonding`, `description`,
     `ScriptName`)
VALUES
    -- в”Ђв”Ђ Armor Cache (green) в”Ђв”Ђв”Ђв”Ђв”Ђв”Ђв”Ђв”Ђв”Ђв”Ђв”Ђв”Ђв”Ђв”Ђв”Ђв”Ђв”Ђв”Ђв”Ђв”Ђв”Ђв”Ђв”Ђв”Ђв”Ђв”Ђв”Ђв”Ђв”Ђв”Ђв”Ђв”Ђв”Ђв”Ђв”Ђв”Ђв”Ђв”Ђв”Ђв”Ђв”Ђв”Ђв”Ђв”Ђв”Ђв”Ђв”Ђв”Ђв”Ђ
    (900100, 15, 0, -1, 'Traveler''s Armor Cache', 12333,
     2, 4, -1, -1, 1,
     1, 'Open to receive a piece of armor suited to your class and level. Bound to the finder.',
     ''),

    -- в”Ђв”Ђ Armor Cache (blue) в”Ђв”Ђв”Ђв”Ђв”Ђв”Ђв”Ђв”Ђв”Ђв”Ђв”Ђв”Ђв”Ђв”Ђв”Ђв”Ђв”Ђв”Ђв”Ђв”Ђв”Ђв”Ђв”Ђв”Ђв”Ђв”Ђв”Ђв”Ђв”Ђв”Ђв”Ђв”Ђв”Ђв”Ђв”Ђв”Ђв”Ђв”Ђв”Ђв”Ђв”Ђв”Ђв”Ђв”Ђв”Ђв”Ђв”Ђв”Ђв”Ђв”Ђ
    (900101, 15, 0, -1, 'Traveler''s Armor Cache', 12333,
     3, 4, -1, -1, 1,
     1, 'Open to receive quality armor suited to your class and level. Bound to the finder.',
     ''),

    -- в”Ђв”Ђ Armor Cache (purple) в”Ђв”Ђв”Ђв”Ђв”Ђв”Ђв”Ђв”Ђв”Ђв”Ђв”Ђв”Ђв”Ђв”Ђв”Ђв”Ђв”Ђв”Ђв”Ђв”Ђв”Ђв”Ђв”Ђв”Ђв”Ђв”Ђв”Ђв”Ђв”Ђв”Ђв”Ђв”Ђв”Ђв”Ђв”Ђв”Ђв”Ђв”Ђв”Ђв”Ђв”Ђв”Ђв”Ђв”Ђв”Ђв”Ђв”Ђв”Ђ
    (900102, 15, 0, -1, 'Traveler''s Armor Cache', 12333,
     4, 4, -1, -1, 1,
     1, 'Open to receive exceptional armor worthy of a champion. Bound to the finder.',
     ''),

    -- в”Ђв”Ђ Weapon Cache (green) в”Ђв”Ђв”Ђв”Ђв”Ђв”Ђв”Ђв”Ђв”Ђв”Ђв”Ђв”Ђв”Ђв”Ђв”Ђв”Ђв”Ђв”Ђв”Ђв”Ђв”Ђв”Ђв”Ђв”Ђв”Ђв”Ђв”Ђв”Ђв”Ђв”Ђв”Ђв”Ђв”Ђв”Ђв”Ђв”Ђв”Ђв”Ђв”Ђв”Ђв”Ђв”Ђв”Ђв”Ђв”Ђв”Ђв”Ђв”Ђ
    (900103, 15, 0, -1, 'Traveler''s Weapon Cache', 12333,
     2, 4, -1, -1, 1,
     1, 'Open to receive a weapon suited to your class and level. Bound to the finder.',
     ''),

    -- в”Ђв”Ђ Weapon Cache (blue) в”Ђв”Ђв”Ђв”Ђв”Ђв”Ђв”Ђв”Ђв”Ђв”Ђв”Ђв”Ђв”Ђв”Ђв”Ђв”Ђв”Ђв”Ђв”Ђв”Ђв”Ђв”Ђв”Ђв”Ђв”Ђв”Ђв”Ђв”Ђв”Ђв”Ђв”Ђв”Ђв”Ђв”Ђв”Ђв”Ђв”Ђв”Ђв”Ђв”Ђв”Ђв”Ђв”Ђв”Ђв”Ђв”Ђв”Ђв”Ђв”Ђ
    (900104, 15, 0, -1, 'Traveler''s Weapon Cache', 12333,
     3, 4, -1, -1, 1,
     1, 'Open to receive a quality weapon suited to your class and level. Bound to the finder.',
     ''),

    -- в”Ђв”Ђ Weapon Cache (purple) в”Ђв”Ђв”Ђв”Ђв”Ђв”Ђв”Ђв”Ђв”Ђв”Ђв”Ђв”Ђв”Ђв”Ђв”Ђв”Ђв”Ђв”Ђв”Ђв”Ђв”Ђв”Ђв”Ђв”Ђв”Ђв”Ђв”Ђв”Ђв”Ђв”Ђв”Ђв”Ђв”Ђв”Ђв”Ђв”Ђв”Ђв”Ђв”Ђв”Ђв”Ђв”Ђв”Ђв”Ђв”Ђв”Ђв”Ђ
    (900105, 15, 0, -1, 'Traveler''s Weapon Cache', 12333,
     4, 4, -1, -1, 1,
     1, 'Open to receive an exceptional weapon worthy of a champion. Bound to the finder.',
     '');


-- ===== interactions/hungry_child.sql =====
-- DynamicQuests+ | Interaction: "Hungry Child"
-- Theme: social | Mechanic: hungry_child | Tier: 1 | Level: 1-80
--
-- A child NPC asks the player for food. Available in capital cities.
-- Item 33052 = Freshly Baked Bread (sold by innkeepers and food vendors).
-- Emotes: CHEER(4) on give, SIT(1) on fetch-accept, CRY(22) on refuse.

-- Gossip window header (DELETE + INSERT so text is always up to date)
DELETE FROM `npc_text` WHERE `ID` = 9000002;
INSERT INTO `npc_text` (`ID`, `text0_0`, `em0_0`) VALUES
(9000002, 'A small child pulls at your sleeve, eyes wide with hunger. "Please... do you have any bread? The innkeeper sells it, but I have nothing left."', 0);

DELETE FROM `dq_interaction_template` WHERE `id` = 2;
INSERT INTO `dq_interaction_template`
    (`id`, `name`, `theme`, `npc_tags_req`, `npc_tags_excl`,
     `zone_type`, `level_min`, `level_max`, `prereq_gold`,
     `context_tags`, `tier`, `mechanic_type`, `rarity_weight`,
     `combat_hp_pct`, `combat_dmg_pct`, `gossip_npc_text_id`,
     `combat_hp_ratio`, `combat_dmg_ratio`, `zone_faction`)
VALUES
    (2, 'Hungry Child', 'social',
     'child,humanoid,civilian',
     'demon,undead,hostile,horde',
     'capital', 1, 80, 0,
     'traveling,idle,exploring', 1, 'gossip_exchange', 12,
     0, 0, 9000002,
     0.0, 0.0, 'alliance');

DELETE FROM `dq_interaction_choice` WHERE `template_id` = 2;
INSERT INTO `dq_interaction_choice`
    (`template_id`, `display_order`, `choice_text`, `prereq_item_id`,
     `outcome_type`, `outcome_data`, `emote_on_select`)
VALUES
    -- Give bread immediately вЂ” only appears if player already has one
    (2, 0, 'Here you go, little one. Take this.', 33052,
     'reward', 'cost:item:33052,pool:charity_low', 4),

    -- Fetch: go find bread and return to the child
    (2, 1, 'I''ll find you something. Wait here.', 0,
     'fetch', 'item:33052,pool:charity_low', 1),

    -- Refuse: child cries
    (2, 2, 'I''m sorry, I have nothing to spare.', 0,
     'deny', '', 22);

-- Reward pool for charity вЂ” small but meaningful at every level bracket
DELETE FROM `dq_reward_pool` WHERE `pool_name` = 'charity_low';
INSERT INTO `dq_reward_pool`
    (`pool_name`, `level_min`, `level_max`, `item_entry`,
     `gold_min_copper`, `gold_max_copper`, `xp_amount`, `weight`)
VALUES
    ('charity_low',  1, 29, 0,  5000,  15000,  500, 10),
    ('charity_low', 30, 59, 0, 10000,  30000, 1500, 10),
    ('charity_low', 60, 80, 0, 20000,  50000,    0, 10);

-- Text variants: greeting (child runs up) and chase (child follows player)
DELETE FROM `dq_text_variant` WHERE `template_id` = 2;
INSERT INTO `dq_text_variant` (`template_id`, `variant_type`, `text`, `weight`) VALUES
    (2, 'greeting', '"Mister, missus, please... do you have any food?"',                    10),
    (2, 'greeting', 'A small hand grabs your cloak. The child looks up, hollow-cheeked.',   10),
    (2, 'greeting', '"I haven''t eaten since yesterday. Please..."',                         9),
    (2, 'greeting', 'The child stands in your path, too tired to move out of the way.',     8),
    (2, 'greeting', '"You look kind. Are you kind? Can you help me?"',                       7),
    (2, 'chase',    '"Please don''t go. I''m so hungry."',                                   10),
    (2, 'chase',    'The child trots after you, arms outstretched.',                         10),
    (2, 'chase',    '"I won''t bother you long. I promise."',                                8),
    (2, 'chase',    '"Just a piece of bread. Just one."',                                    7);


-- ===== interactions/ileana_episode1.sql =====
-- DynamicQuests+ Module | Ileana вЂ” Episode I: The First Offer
-- Theme: demon | Mechanic: succubus | Tier: 2 | Level: 10-80
-- Costs: 70% gold (capped at levelГ—1g). Reward: 1Г— Blue Cache.
-- Fight reward: 1Г— Blue Weapon Cache.

-- в”Ђв”Ђ Dialog pages (npc_text) в”Ђв”Ђв”Ђв”Ђв”Ђв”Ђв”Ђв”Ђв”Ђв”Ђв”Ђв”Ђв”Ђв”Ђв”Ђв”Ђв”Ђв”Ђв”Ђв”Ђв”Ђв”Ђв”Ђв”Ђв”Ђв”Ђв”Ђв”Ђв”Ђв”Ђв”Ђв”Ђв”Ђв”Ђв”Ђв”Ђв”Ђв”Ђв”Ђв”Ђв”Ђв”Ђв”Ђв”Ђв”Ђв”Ђв”Ђв”Ђв”Ђв”Ђ

DELETE FROM `npc_text` WHERE `ID` IN (9001010, 9001011, 9001012);

-- Page 1: The portal tears open. She introduces herself.
INSERT INTO `npc_text` (`ID`, `text0_0`) VALUES
(9001010,
'$B$BThe portal tears open without warning. No ritual. No invitation. Violet fire bleeds through the gap - like something on the other side has been pressing against it for a long time, waiting for exactly this moment.$B$B"Oh, don''t reach for that. We both know how that ends, and I''d rather not begin our relationship with something so unpleasant."$B$B');

-- Page 2: The pitch.
INSERT INTO `npc_text` (`ID`, `text0_0`) VALUES
(9001011,
'$B$B"You''ve been working hard. I''ve watched. All that struggle - all that effort - and still not quite enough, is it? There''s always something just out of reach."$B$BShe tilts her head.$B$B"I can change that. Right now. No temples, no gods, no years of crawling toward something that keeps moving. Just power - real power - and it''s yours."$B$B');

-- Page 3 (final): The question.
INSERT INTO `npc_text` (`ID`, `text0_0`) VALUES
(9001012,
'$B$B"All I ask is something small in return. Something you already carry. Something you won''t even miss."$B$BThe portal pulses behind her. Waiting.$B$B"So. Do we have a deal?"$B$B');

-- в”Ђв”Ђ Interaction template в”Ђв”Ђв”Ђв”Ђв”Ђв”Ђв”Ђв”Ђв”Ђв”Ђв”Ђв”Ђв”Ђв”Ђв”Ђв”Ђв”Ђв”Ђв”Ђв”Ђв”Ђв”Ђв”Ђв”Ђв”Ђв”Ђв”Ђв”Ђв”Ђв”Ђв”Ђв”Ђв”Ђв”Ђв”Ђв”Ђв”Ђв”Ђв”Ђв”Ђв”Ђв”Ђв”Ђв”Ђв”Ђв”Ђв”Ђв”Ђв”Ђв”Ђв”Ђв”Ђв”Ђв”Ђ

DELETE FROM `dq_interaction_template`  WHERE `id` = 10;
DELETE FROM `dq_interaction_choice`    WHERE `template_id` = 10;

INSERT INTO `dq_interaction_template`
    (`id`, `name`, `theme`, `npc_tags_req`, `npc_tags_excl`,
     `zone_type`, `level_min`, `level_max`, `prereq_gold`,
     `context_tags`, `tier`, `mechanic_type`, `rarity_weight`,
     `combat_hp_pct`, `combat_dmg_pct`, `gossip_npc_text_id`,
     `combat_hp_ratio`, `combat_dmg_ratio`, `zone_faction`)
VALUES
    (10, 'Ileana вЂ” Episode I', 'demon', 'demon', 'boss,child,vendor',
     'outdoor', 10, 80, 0,
     'any', 2, 'succubus', 5,
     0, 0, 9001010,
     1.8, 0.07, 'any');

-- Choices are handled entirely by DQ_SuccubusAI gossip logic.
-- These rows exist as metadata only; DQMgr reads choiceIndex from gossip action.
INSERT INTO `dq_interaction_choice`
    (`template_id`, `display_order`, `choice_text`,
     `prereq_item_id`, `outcome_type`, `outcome_data`, `emote_on_select`)
VALUES
    (10, 0, '...done.',                  0, 'reward', 'succubus_accept_ep1', 0),
    (10, 1, 'Never. I don''t deal with demons.', 0, 'combat', 'succubus_fight_ep1', 0);

-- в”Ђв”Ђ Text variants (ambient lines during approach) в”Ђв”Ђв”Ђв”Ђв”Ђв”Ђв”Ђв”Ђв”Ђв”Ђв”Ђв”Ђв”Ђв”Ђв”Ђв”Ђв”Ђв”Ђв”Ђв”Ђв”Ђв”Ђв”Ђв”Ђв”Ђв”Ђв”Ђв”Ђв”Ђ

DELETE FROM `dq_text_variant` WHERE `template_id` = 10;
INSERT INTO `dq_text_variant` (`template_id`, `variant_type`, `text`, `weight`) VALUES
    (10, 'greeting', '*She steps through. Deliberate. Patient. Like she''s done this before.*',         5),
    (10, 'greeting', '*Something tears the air ahead of you. Then - silence. Then her.*',              5),
    (10, 'greeting', '*The light changes first. Then the sound. Then she is simply there.*',           5),
    (10, 'chase',    '"Don''t run. I haven''t even made my offer yet."',                               5),
    (10, 'chase',    '"You''re more interesting when you''re frightened. Marginally."',                4),
    (10, 'chase',    '"The portal follows you. It''s not patient. Neither am I."',                     4);


-- ===== interactions/ileana_episode2.sql =====
-- DynamicQuests+ Module | Ileana вЂ” Episode II: The Price
-- Theme: demon | Mechanic: succubus | Tier: 2 | Level: 10-80
-- Costs: 70% gold (capped at levelГ—1g) + all potions.
-- Reward: 1Г— Blue Armor Cache + 1Г— Blue Weapon Cache (both accept and fight).

-- в”Ђв”Ђ Dialog pages (npc_text) в”Ђв”Ђв”Ђв”Ђв”Ђв”Ђв”Ђв”Ђв”Ђв”Ђв”Ђв”Ђв”Ђв”Ђв”Ђв”Ђв”Ђв”Ђв”Ђв”Ђв”Ђв”Ђв”Ђв”Ђв”Ђв”Ђв”Ђв”Ђв”Ђв”Ђв”Ђв”Ђв”Ђв”Ђв”Ђв”Ђв”Ђв”Ђв”Ђв”Ђв”Ђв”Ђв”Ђв”Ђв”Ђв”Ђв”Ђв”Ђв”Ђв”Ђ

DELETE FROM `npc_text` WHERE `ID` IN (9001020, 9001021, 9001022, 9001023);

-- Page 1: She's back. The real pitch.
INSERT INTO `npc_text` (`ID`, `text0_0`) VALUES
(9001020,
'$B$BThe portal opens. Same violet fire. Same silence before it, like the air knew it was coming and decided not to warn you.$B$B"You thought about it. I know you did. That''s why I''m back."$B$BShe tilts her head.$B$B"You''ve been watching others rise. People with less than you вЂ” less discipline, less sacrifice вЂ” and somehow they keep getting further ahead. That bothers you. It should."$B$B"What I''m offering doesn''t cost you anything you''re using. Think of it less as a deal and more as correcting an imbalance. You''ve already paid more than most. I''m just here to make sure you get something back."$B$B');

-- Page 2 (final): The close.
INSERT INTO `npc_text` (`ID`, `text0_0`) VALUES
(9001021,
'$B$B"Nothing you''ll miss!"$B$B"You won''t even know what you gave. That''s the beauty of it."$B$B"Power without the weight of wondering whether you deserve it. Doesn''t that sound like relief?"$B$B');

-- в”Ђв”Ђ Interaction template в”Ђв”Ђв”Ђв”Ђв”Ђв”Ђв”Ђв”Ђв”Ђв”Ђв”Ђв”Ђв”Ђв”Ђв”Ђв”Ђв”Ђв”Ђв”Ђв”Ђв”Ђв”Ђв”Ђв”Ђв”Ђв”Ђв”Ђв”Ђв”Ђв”Ђв”Ђв”Ђв”Ђв”Ђв”Ђв”Ђв”Ђв”Ђв”Ђв”Ђв”Ђв”Ђв”Ђв”Ђв”Ђв”Ђв”Ђв”Ђв”Ђв”Ђв”Ђв”Ђв”Ђв”Ђ

DELETE FROM `dq_interaction_template`  WHERE `id` = 11;
DELETE FROM `dq_interaction_choice`    WHERE `template_id` = 11;

INSERT INTO `dq_interaction_template`
    (`id`, `name`, `theme`, `npc_tags_req`, `npc_tags_excl`,
     `zone_type`, `level_min`, `level_max`, `prereq_gold`,
     `context_tags`, `tier`, `mechanic_type`, `rarity_weight`,
     `combat_hp_pct`, `combat_dmg_pct`, `gossip_npc_text_id`,
     `combat_hp_ratio`, `combat_dmg_ratio`, `zone_faction`)
VALUES
    (11, 'Ileana вЂ” Episode II', 'demon', 'demon', 'boss,child,vendor',
     'outdoor', 10, 80, 0,
     'any', 2, 'succubus', 5,
     0, 0, 9001020,
     1.8, 0.07, 'any');

INSERT INTO `dq_interaction_choice`
    (`template_id`, `display_order`, `choice_text`,
     `prereq_item_id`, `outcome_type`, `outcome_data`, `emote_on_select`)
VALUES
    (11, 0, 'Deal.',                        0, 'reward', 'succubus_accept_ep2', 0),
    (11, 1, 'Don''t trust demons. Fight.',  0, 'combat', 'succubus_fight_ep2',  0);

-- в”Ђв”Ђ Text variants в”Ђв”Ђв”Ђв”Ђв”Ђв”Ђв”Ђв”Ђв”Ђв”Ђв”Ђв”Ђв”Ђв”Ђв”Ђв”Ђв”Ђв”Ђв”Ђв”Ђв”Ђв”Ђв”Ђв”Ђв”Ђв”Ђв”Ђв”Ђв”Ђв”Ђв”Ђв”Ђв”Ђв”Ђв”Ђв”Ђв”Ђв”Ђв”Ђв”Ђв”Ђв”Ђв”Ђв”Ђв”Ђв”Ђв”Ђв”Ђв”Ђв”Ђв”Ђв”Ђв”Ђв”Ђв”Ђв”Ђв”Ђв”Ђв”Ђв”Ђв”Ђ

DELETE FROM `dq_text_variant` WHERE `template_id` = 11;
INSERT INTO `dq_text_variant` (`template_id`, `variant_type`, `text`, `weight`) VALUES
    (11, 'greeting', '*She''s back. The same violet fire. The same patience.*',                        5),
    (11, 'greeting', '*The air grows still before you hear anything. Then her voice.*',                5),
    (11, 'greeting', '*She steps through as if the portal is a doorway she owns.*',                   5),
    (11, 'chase',    '"Running again. That''s consistent, at least."',                                 5),
    (11, 'chase',    '"I came back. That should tell you something."',                                 5),
    (11, 'chase',    '"We aren''t finished. We''ve barely started."',                                  4);


-- ===== interactions/ileana_episode3.sql =====
-- DynamicQuests+ Module | Ileana вЂ” Episode III: No More Fractions
-- Theme: demon | Mechanic: succubus | Tier: 2 | Level: 10-80
-- Costs: 70% gold + 4-hour Resurrection Sickness debuff (soul debt).
-- Reward: 1Г— Purple Weapon Cache (both accept and fight).

-- в”Ђв”Ђ Dialog pages (npc_text) в”Ђв”Ђв”Ђв”Ђв”Ђв”Ђв”Ђв”Ђв”Ђв”Ђв”Ђв”Ђв”Ђв”Ђв”Ђв”Ђв”Ђв”Ђв”Ђв”Ђв”Ђв”Ђв”Ђв”Ђв”Ђв”Ђв”Ђв”Ђв”Ђв”Ђв”Ђв”Ђв”Ђв”Ђв”Ђв”Ђв”Ђв”Ђв”Ђв”Ђв”Ђв”Ђв”Ђв”Ђв”Ђв”Ђв”Ђв”Ђв”Ђв”Ђ

DELETE FROM `npc_text` WHERE `ID` IN (9001030, 9001031, 9001032);

-- Page 1: Control taken before a word is spoken.
INSERT INTO `npc_text` (`ID`, `text0_0`) VALUES
(9001030,
'$B$BThe portal tears open violently. Violet fire spills across the ground, swallowing sound with it. Before you can move, she lifts two fingers.$B$BAnd suddenly -$B$B Nothing.$B$BYour body locks in place. Not pain. Not paralysis. Worse. Control simply leaves you.$B$BShe steps through the portal slowly, savouring the realisation in your eyes.$B$B"There it is."$B$B');

-- Page 2: The truth of it.
INSERT INTO `npc_text` (`ID`, `text0_0`) VALUES
(9001031,
'$B$BShe approaches, close enough now that the air tastes sweet and burning.$B$B"The first time, you feared the cost. The second time, you feared losing yourself."$B$BHer fingers brush against your chin, forcing your gaze upward.$B$B"But now? Now you''re afraid this is real."$B$BShe studies you for a moment. Almost tenderly.$B$B"You''ve spent your whole life clawing power from a world that rewards cruelty and calls it virtue. And still you hesitate when power finally offers itself willingly."$B$BThe violet fire rises behind her, stretching upward like enormous wings.$B$B"No more fractions. No more harmless little trades."$B$B"I am offering MORE."$B$B');

-- Page 3 (final): The last offer. The real price.
INSERT INTO `npc_text` (`ID`, `text0_0`) VALUES
(9001032,
'$B$B"Strength beyond mortal measure. The kind heroes beg for at dying altars. The kind kings drown nations trying to possess."$B$BThen, softly:$B$B"I will not take a memory."$B$BThe room goes still.$B$B"I will take the part of you that would have refused me."$B$BShe leans close enough to whisper.$B$B"And when the world finally kneels before you... you will never remember why that should horrify you."$B$B');

-- в”Ђв”Ђ Interaction template в”Ђв”Ђв”Ђв”Ђв”Ђв”Ђв”Ђв”Ђв”Ђв”Ђв”Ђв”Ђв”Ђв”Ђв”Ђв”Ђв”Ђв”Ђв”Ђв”Ђв”Ђв”Ђв”Ђв”Ђв”Ђв”Ђв”Ђв”Ђв”Ђв”Ђв”Ђв”Ђв”Ђв”Ђв”Ђв”Ђв”Ђв”Ђв”Ђв”Ђв”Ђв”Ђв”Ђв”Ђв”Ђв”Ђв”Ђв”Ђв”Ђв”Ђв”Ђв”Ђв”Ђв”Ђ

DELETE FROM `dq_interaction_template`  WHERE `id` = 12;
DELETE FROM `dq_interaction_choice`    WHERE `template_id` = 12;

INSERT INTO `dq_interaction_template`
    (`id`, `name`, `theme`, `npc_tags_req`, `npc_tags_excl`,
     `zone_type`, `level_min`, `level_max`, `prereq_gold`,
     `context_tags`, `tier`, `mechanic_type`, `rarity_weight`,
     `combat_hp_pct`, `combat_dmg_pct`, `gossip_npc_text_id`,
     `combat_hp_ratio`, `combat_dmg_ratio`, `zone_faction`)
VALUES
    (12, 'Ileana вЂ” Episode III', 'demon', 'demon', 'boss,child,vendor',
     'outdoor', 10, 80, 0,
     'any', 2, 'succubus', 5,
     0, 0, 9001030,
     2.5, 0.10, 'any');

INSERT INTO `dq_interaction_choice`
    (`template_id`, `display_order`, `choice_text`,
     `prereq_item_id`, `outcome_type`, `outcome_data`, `emote_on_select`)
VALUES
    (12, 0, 'Take anything. I''m yours.',               0, 'reward', 'succubus_accept_ep3', 0),
    (12, 1, 'This time I won''t fall for your tricks.', 0, 'combat', 'succubus_fight_ep3',  0);

-- в”Ђв”Ђ Text variants в”Ђв”Ђв”Ђв”Ђв”Ђв”Ђв”Ђв”Ђв”Ђв”Ђв”Ђв”Ђв”Ђв”Ђв”Ђв”Ђв”Ђв”Ђв”Ђв”Ђв”Ђв”Ђв”Ђв”Ђв”Ђв”Ђв”Ђв”Ђв”Ђв”Ђв”Ђв”Ђв”Ђв”Ђв”Ђв”Ђв”Ђв”Ђв”Ђв”Ђв”Ђв”Ђв”Ђв”Ђв”Ђв”Ђв”Ђв”Ђв”Ђв”Ђв”Ђв”Ђв”Ђв”Ђв”Ђв”Ђв”Ђв”Ђв”Ђв”Ђв”Ђ

DELETE FROM `dq_text_variant` WHERE `template_id` = 12;
INSERT INTO `dq_text_variant` (`template_id`, `variant_type`, `text`, `weight`) VALUES
    (12, 'greeting', '*The portal opens before you hear it. That''s new.*',                           5),
    (12, 'greeting', '*This time, there is no pause. She is simply there. Already.*',                 5),
    (12, 'greeting', '*Something is different. The air doesn''t warn you this time.*',                5),
    (12, 'chase',    '"You can''t run from this one."',                                               5),
    (12, 'chase',    '"You''ve already made your choice. You just haven''t said it yet."',            5),
    (12, 'chase',    '"The third time. I don''t come a fourth."',                                     5);


-- ===== base/dq_herb_seller.sql =====
-- DynamicQuests+ | The Herb Seller вЂ” HiddenPurpose archetype (4-beat Sequential)
--
-- Story arc:
--   Beat 1 (courier)  вЂ” NPC asks player to gather herbs; his back troubles him.
--   Beat 2 (witness)  вЂ” Player sees him selling the same herbs at the market.
--   Beat 3 (courier)  вЂ” NPC gives player coin, asks them to buy a carved toy horse.
--   Beat 4 (witness)  вЂ” Player sees him give the toy to a laughing child.
--
-- Zone 37 = Hillsbrad Foothills. level_min=1, level_max=80.
-- display_id=0 on all beats: courier uses its default social NPC model.

DELETE FROM `dq_archetype`      WHERE `id` = 2;
DELETE FROM `dq_archetype_beat` WHERE `archetype_id` = 2;

INSERT INTO `dq_archetype`
    (`id`, `name`,           `pattern`,    `total_beats`, `zone_id`, `level_min`, `level_max`, `enabled`)
VALUES
    (2,   'The Herb Seller', 'sequential', 4,              37,        1,           80,          1);

INSERT INTO `dq_archetype_beat`
    (`archetype_id`, `beat_number`, `display_id`, `zone_id`, `mechanic`, `transition_type`,  `transition_value`,
     `text_greeting`,
     `text_chase`,
     `emote_on_arrive`, `emote_on_complete`, `reward_pool`)
VALUES
(2, 1, 0, 37, 'courier', 'quest_complete', 1,
 'Traveler! I hate to ask a stranger, but my back troubles me something fierce today. There are wild herbs growing just past the old fence вЂ” would you pick a handful? I can pay.',
 'Please вЂ” it would only take a moment!',
 25, 4, 'herb_seller_small'),

(2, 2, 0, 37, 'witness', 'encounter_count', 1,
 'You catch sight of him at the market stall, calling out to buyers. The herbs you gathered are already bundled and priced.',
 '',
 5, 0, ''),

(2, 3, 0, 37, 'courier', 'quest_complete', 1,
 'Ah вЂ” you again. Good timing. Here, take this coin. There is a toy seller near the east gate. Buy me a small carved horse, would you? Child-sized.',
 'It is important. Please.',
 1, 4, ''),

(2, 4, 0, 37, 'witness', 'encounter_count', 1,
 'The old man is crouched in the road, holding out the wooden horse. A small boy runs to him, laughing.',
 '',
 4, 0, 'herb_seller_final');
